{
  "config": {
    "num_clients": 20,
    "num_rounds": 50,
    "local_epochs": 5,
    "batch_size": 32,
    "learning_rate": 0.01,
    "dirichlet_alpha": 0.5,
    "byzantine_ratio": 0.0,
    "seed": 42
  },
  "timestamp": "2026-01-06T02:22:59.933708",
  "clean_baseline": {
    "FedAvg": {
      "final_accuracy": 68.92,
      "round_accuracies": [
        26.19,
        39.69,
        44.66,
        47.48,
        50.8,
        52.8,
        54.73,
        55.59,
        56.71,
        57.78,
        58.57,
        59.69,
        61.34,
        60.98,
        61.52,
        62.67,
        63.68,
        63.97,
        64.17,
        64.75,
        64.95,
        65.47,
        65.91,
        65.97,
        65.26,
        66.61,
        66.78,
        66.93,
        67.38,
        67.31,
        67.57,
        67.45,
        67.75,
        67.57,
        67.72,
        68.09,
        68.42,
        67.89,
        67.84,
        68.12,
        68.62,
        68.35,
        68.29,
        68.76,
        68.52,
        68.4,
        68.62,
        68.63,
        68.92,
        68.92
      ],
      "training_time": 3736.69957280159
    },
    "FedProx": {
      "final_accuracy": 69.77,
      "round_accuracies": [
        30.87,
        41.25,
        45.22,
        47.76,
        49.36,
        51.71,
        52.7,
        54.38,
        56.16,
        58.18,
        59.01,
        59.92,
        60.61,
        61.38,
        61.8,
        63.12,
        63.87,
        64.51,
        65.14,
        65.42,
        64.23,
        66.43,
        65.94,
        66.89,
        66.57,
        67.58,
        67.92,
        68.17,
        68.28,
        68.24,
        68.39,
        68.6,
        68.88,
        68.93,
        68.94,
        69.05,
        69.31,
        69.3,
        69.27,
        69.24,
        69.53,
        69.35,
        69.47,
        69.7,
        69.38,
        69.73,
        69.93,
        69.85,
        69.7,
        69.77
      ],
      "training_time": 4853.33279800415
    },
    "TrimmedMean": {
      "final_accuracy": 69.28,
      "round_accuracies": [
        31.82,
        39.12,
        43.66,
        46.8,
        49.39,
        51.36,
        53.01,
        54.8,
        55.72,
        56.33,
        57.41,
        58.07,
        59.34,
        60.5,
        61.1,
        62.15,
        62.64,
        62.96,
        63.34,
        64.5,
        64.75,
        65.17,
        65.43,
        65.73,
        66.36,
        66.59,
        66.28,
        66.89,
        66.61,
        67.1,
        67.36,
        67.38,
        67.68,
        67.33,
        67.81,
        68.13,
        68.17,
        68.3,
        68.51,
        68.43,
        68.34,
        68.56,
        68.61,
        68.86,
        68.65,
        68.64,
        68.95,
        69.24,
        69.23,
        69.28
      ],
      "training_time": 3462.668123483658
    },
    "Krum": {
      "final_accuracy": 34.96,
      "round_accuracies": [
        18.58,
        19.05,
        28.05,
        27.41,
        31.99,
        35.09,
        33.01,
        31.93,
        32.99,
        35.12,
        36.33,
        35.23,
        34.5,
        33.91,
        34.96,
        34.49,
        32.93,
        33.76,
        35.0,
        35.07,
        36.24,
        35.26,
        34.41,
        35.07,
        34.56,
        34.8,
        34.48,
        33.6,
        34.51,
        34.51,
        33.42,
        34.89,
        34.54,
        34.38,
        34.65,
        34.72,
        34.73,
        34.33,
        34.3,
        35.06,
        34.64,
        33.92,
        34.36,
        34.03,
        34.85,
        34.54,
        34.28,
        34.79,
        34.33,
        34.96
      ],
      "training_time": 3364.6945190429688
    }
  },
  "under_attack": {
    "FedAvg": {
      "final_accuracy": 62.39,
      "round_accuracies": [
        23.29,
        34.82,
        41.5,
        42.9,
        47.24,
        49.22,
        52.01,
        52.23,
        52.89,
        53.25,
        54.83,
        55.51,
        56.75,
        56.35,
        56.72,
        58.0,
        58.59,
        58.81,
        59.52,
        60.2,
        60.34,
        61.0,
        61.17,
        61.5,
        59.93,
        61.29,
        62.25,
        61.89,
        61.87,
        61.82,
        61.72,
        62.04,
        61.93,
        62.62,
        62.3,
        62.02,
        62.62,
        61.92,
        60.6,
        62.38,
        62.04,
        62.51,
        62.4,
        62.69,
        62.43,
        62.97,
        62.07,
        62.5,
        62.19,
        62.39
      ],
      "training_time": 2280.608834028244
    },
    "FedProx": {
      "final_accuracy": 63.58,
      "round_accuracies": [
        27.09,
        36.56,
        40.78,
        44.08,
        46.57,
        48.87,
        50.22,
        51.51,
        52.14,
        54.49,
        53.71,
        55.6,
        55.68,
        57.51,
        56.97,
        58.58,
        59.09,
        59.42,
        60.0,
        60.89,
        59.78,
        61.67,
        61.17,
        62.53,
        62.05,
        62.91,
        62.99,
        63.3,
        63.43,
        63.72,
        63.52,
        63.97,
        63.92,
        64.09,
        64.58,
        64.29,
        64.51,
        64.63,
        63.92,
        63.96,
        64.17,
        64.84,
        63.69,
        64.61,
        64.34,
        64.24,
        63.97,
        63.52,
        63.66,
        63.58
      ],
      "training_time": 3458.4217677116394
    },
    "TrimmedMean": {
      "final_accuracy": 60.77,
      "round_accuracies": [
        28.28,
        34.99,
        39.75,
        42.79,
        46.28,
        48.75,
        49.49,
        50.26,
        50.94,
        52.35,
        52.61,
        53.42,
        53.98,
        54.72,
        55.04,
        55.24,
        55.66,
        55.76,
        57.09,
        57.66,
        57.91,
        58.38,
        58.31,
        58.23,
        59.05,
        59.47,
        59.64,
        59.85,
        59.65,
        59.69,
        60.04,
        59.77,
        60.2,
        59.36,
        60.28,
        59.82,
        60.28,
        60.54,
        60.87,
        60.74,
        60.55,
        60.9,
        60.47,
        61.21,
        60.07,
        61.12,
        61.33,
        61.15,
        61.35,
        60.77
      ],
      "training_time": 2318.81809425354
    },
    "Krum": {
      "final_accuracy": 5.5,
      "round_accuracies": [
        12.19,
        9.73,
        7.54,
        8.86,
        4.86,
        7.41,
        8.45,
        6.62,
        6.19,
        5.47,
        6.65,
        6.96,
        6.29,
        6.71,
        4.47,
        6.11,
        5.49,
        2.66,
        4.3,
        5.68,
        3.43,
        3.99,
        5.74,
        5.11,
        6.51,
        4.89,
        4.93,
        6.09,
        4.92,
        7.55,
        7.58,
        4.67,
        3.88,
        6.46,
        6.76,
        5.47,
        7.76,
        5.04,
        4.53,
        6.67,
        5.77,
        4.14,
        7.06,
        4.99,
        6.49,
        8.54,
        5.18,
        6.2,
        4.67,
        5.5
      ],
      "training_time": 2300.646255016327
    }
  },
  "degradation": {
    "FedAvg": {
      "clean_accuracy": 68.92,
      "attacked_accuracy": 62.39,
      "degradation_percent": 9.474753337202554
    },
    "FedProx": {
      "clean_accuracy": 69.77,
      "attacked_accuracy": 63.58,
      "degradation_percent": 8.872008026372363
    },
    "TrimmedMean": {
      "clean_accuracy": 69.28,
      "attacked_accuracy": 60.77,
      "degradation_percent": 12.283487297921475
    },
    "Krum": {
      "clean_accuracy": 34.96,
      "attacked_accuracy": 5.5,
      "degradation_percent": 84.26773455377574
    }
  }
}