{
  "config": {
    "num_clients": 20,
    "num_rounds": 50,
    "local_epochs": 5,
    "batch_size": 32,
    "learning_rate": 0.01,
    "dirichlet_alpha": 0.5,
    "byzantine_ratio": 0.0,
    "seed": 42
  },
  "timestamp": "2026-01-06T02:24:53.157667",
  "clean_baseline": {
    "FedAvg": {
      "final_accuracy": 69.12,
      "round_accuracies": [
        26.18,
        39.75,
        44.55,
        47.39,
        50.76,
        52.87,
        54.61,
        55.47,
        56.6,
        57.68,
        58.56,
        59.66,
        61.16,
        61.18,
        61.49,
        62.65,
        63.75,
        63.95,
        64.13,
        64.67,
        65.05,
        65.32,
        65.83,
        65.94,
        65.21,
        66.54,
        66.66,
        66.92,
        67.27,
        67.34,
        67.71,
        67.7,
        67.84,
        67.45,
        68.16,
        68.1,
        68.53,
        68.0,
        67.62,
        68.56,
        68.66,
        68.76,
        68.1,
        68.66,
        68.78,
        68.48,
        68.96,
        69.08,
        68.78,
        69.12
      ],
      "training_time": 3739.1861293315887
    },
    "FedProx": {
      "final_accuracy": 69.82,
      "round_accuracies": [
        30.84,
        41.23,
        45.21,
        47.67,
        49.48,
        51.67,
        52.57,
        54.4,
        56.07,
        58.19,
        58.93,
        60.01,
        60.4,
        61.47,
        61.83,
        63.14,
        63.99,
        64.58,
        65.27,
        65.37,
        63.96,
        66.41,
        66.14,
        66.82,
        66.53,
        67.52,
        67.78,
        68.27,
        68.24,
        68.23,
        68.68,
        68.76,
        68.65,
        68.97,
        68.87,
        69.03,
        69.18,
        69.13,
        68.99,
        68.77,
        69.51,
        69.48,
        69.62,
        69.68,
        69.53,
        69.77,
        69.83,
        69.92,
        69.85,
        69.82
      ],
      "training_time": 4892.117666721344
    },
    "TrimmedMean": {
      "final_accuracy": 68.99,
      "round_accuracies": [
        32.01,
        39.16,
        43.71,
        46.62,
        49.46,
        51.45,
        52.98,
        54.67,
        55.66,
        56.37,
        57.48,
        57.97,
        59.15,
        60.38,
        61.13,
        62.08,
        62.53,
        62.98,
        63.52,
        64.44,
        64.75,
        65.11,
        65.53,
        65.79,
        66.34,
        66.49,
        66.09,
        66.52,
        66.57,
        67.31,
        67.66,
        67.23,
        67.65,
        67.33,
        67.88,
        68.0,
        68.13,
        68.4,
        68.54,
        68.43,
        68.43,
        68.32,
        68.62,
        68.79,
        68.72,
        68.87,
        68.97,
        69.08,
        69.23,
        68.99
      ],
      "training_time": 3497.3366923332214
    },
    "Krum": {
      "final_accuracy": 34.72,
      "round_accuracies": [
        18.72,
        19.28,
        28.14,
        27.48,
        32.15,
        34.97,
        32.99,
        32.09,
        33.51,
        35.31,
        35.56,
        35.92,
        33.88,
        32.81,
        35.27,
        34.68,
        32.13,
        34.44,
        35.19,
        35.26,
        36.72,
        35.39,
        34.6,
        34.68,
        34.96,
        34.72,
        34.76,
        34.39,
        35.79,
        35.33,
        34.48,
        35.05,
        34.57,
        34.09,
        34.88,
        34.95,
        35.11,
        34.96,
        34.59,
        35.02,
        34.44,
        34.45,
        34.72,
        34.28,
        34.92,
        34.72,
        34.34,
        35.03,
        34.74,
        34.72
      ],
      "training_time": 3362.725862979889
    }
  },
  "under_attack": {
    "FedAvg": {
      "final_accuracy": 62.22,
      "round_accuracies": [
        23.38,
        34.87,
        41.49,
        42.88,
        47.23,
        49.16,
        51.92,
        52.3,
        53.02,
        53.56,
        54.95,
        55.33,
        56.83,
        56.27,
        56.69,
        58.17,
        58.59,
        58.85,
        59.64,
        59.86,
        60.15,
        60.8,
        60.97,
        61.37,
        59.7,
        61.12,
        62.17,
        61.73,
        61.94,
        61.97,
        61.65,
        61.92,
        61.66,
        62.6,
        62.19,
        62.09,
        62.53,
        61.89,
        60.58,
        62.32,
        62.15,
        62.17,
        62.11,
        62.48,
        61.82,
        62.63,
        62.22,
        62.49,
        61.89,
        62.22
      ],
      "training_time": 2278.8954672813416
    },
    "FedProx": {
      "final_accuracy": 63.74,
      "round_accuracies": [
        27.24,
        36.8,
        40.54,
        43.84,
        46.51,
        48.74,
        50.09,
        51.52,
        52.09,
        54.62,
        53.49,
        55.47,
        55.57,
        57.51,
        56.97,
        58.8,
        59.16,
        59.38,
        60.17,
        60.89,
        60.22,
        61.63,
        60.98,
        62.3,
        62.28,
        62.99,
        63.43,
        63.56,
        63.28,
        63.6,
        63.57,
        63.74,
        63.74,
        63.94,
        64.65,
        64.11,
        64.61,
        64.45,
        63.69,
        63.97,
        63.74,
        64.49,
        63.32,
        64.39,
        64.19,
        64.04,
        63.86,
        63.28,
        63.14,
        63.74
      ],
      "training_time": 3464.270991563797
    },
    "TrimmedMean": {
      "final_accuracy": 61.24,
      "round_accuracies": [
        28.24,
        34.91,
        39.67,
        43.0,
        46.27,
        48.59,
        49.52,
        50.24,
        51.07,
        52.36,
        52.8,
        53.3,
        53.9,
        54.66,
        55.0,
        55.45,
        55.66,
        55.45,
        57.13,
        57.82,
        58.09,
        58.28,
        58.41,
        58.15,
        59.01,
        59.85,
        59.39,
        60.05,
        59.46,
        59.81,
        59.79,
        60.02,
        60.16,
        59.42,
        60.17,
        59.73,
        60.09,
        60.64,
        61.08,
        60.65,
        60.17,
        61.02,
        60.33,
        61.36,
        60.25,
        60.84,
        61.41,
        60.67,
        61.11,
        61.24
      ],
      "training_time": 2320.949419736862
    },
    "Krum": {
      "final_accuracy": 5.35,
      "round_accuracies": [
        12.22,
        9.85,
        7.87,
        9.05,
        4.58,
        6.97,
        8.38,
        6.47,
        6.15,
        5.48,
        5.89,
        6.6,
        6.5,
        6.76,
        4.61,
        5.9,
        6.29,
        2.47,
        4.03,
        5.51,
        3.87,
        3.87,
        6.35,
        4.81,
        6.71,
        5.24,
        5.27,
        5.87,
        5.3,
        8.31,
        8.67,
        4.98,
        6.55,
        9.48,
        8.63,
        5.51,
        2.7,
        4.06,
        4.73,
        8.18,
        4.15,
        3.55,
        6.53,
        6.18,
        6.05,
        7.76,
        3.4,
        5.74,
        5.64,
        5.35
      ],
      "training_time": 2280.564417362213
    }
  },
  "degradation": {
    "FedAvg": {
      "clean_accuracy": 69.12,
      "attacked_accuracy": 62.22,
      "degradation_percent": 9.982638888888896
    },
    "FedProx": {
      "clean_accuracy": 69.82,
      "attacked_accuracy": 63.74,
      "degradation_percent": 8.708106559724996
    },
    "TrimmedMean": {
      "clean_accuracy": 68.99,
      "attacked_accuracy": 61.24,
      "degradation_percent": 11.233512103203354
    },
    "Krum": {
      "clean_accuracy": 34.72,
      "attacked_accuracy": 5.35,
      "degradation_percent": 84.59101382488478
    }
  }
}