{
  "blockchain": {
    "blockchain_enabled": true,
    "byzantine_ratio": 0.2,
    "n_rounds": 50,
    "n_workers": 100,
    "adversary_strategy": "DELAYED",
    "detection_summary": {
      "total_records": 50,
      "anomalies_detected": 1,
      "anomalies": [
        {
          "type": "algorithm_inconsistency",
          "aggregator_id": "aggregator_0",
          "algorithms_used": [
            "krum",
            "median"
          ],
          "severity": "medium"
        }
      ],
      "detection_rate": 0.02,
      "blockchain_enabled": true,
      "anomaly_scores": [
        -0.770846582258966,
        1.156269873388449,
        0.38542329112948304,
        0.19271164556474138,
        -0.9635582278237075,
        -0.5781349366942244,
        -0.770846582258966,
        0.19271164556474138,
        -0.38542329112948304,
        0.0,
        -1.1562698733884489,
        0.5781349366942244,
        0.0,
        1.3489815189531902,
        1.541693164517932,
        -0.770846582258966,
        2.1198281012121565,
        0.19271164556474138,
        -0.19271164556474138,
        -0.38542329112948304,
        -0.38542329112948304,
        -0.770846582258966,
        -0.19271164556474138,
        -0.5781349366942244,
        -0.38542329112948304,
        2.697963037906381,
        -0.770846582258966,
        2.1198281012121565,
        0.0,
        -1.1562698733884489,
        -0.38542329112948304,
        1.7344048100826734,
        -0.770846582258966,
        3.2760979746006047,
        2.697963037906381,
        0.0,
        2.1198281012121565,
        -0.770846582258966,
        0.19271164556474138,
        -0.5781349366942244,
        1.541693164517932,
        0.0,
        1.156269873388449,
        0.19271164556474138,
        -0.5781349366942244,
        0.0,
        2.1198281012121565,
        2.3125397467768978,
        -0.38542329112948304,
        -0.9635582278237075
      ],
      "threshold_sigma": 3.5
    },
    "roc_curve": {
      "roc_points": [
        {
          "threshold": 0.5,
          "TPR": 1.0,
          "FPR": 0.05405405405405406,
          "TP": 13,
          "FP": 2,
          "TN": 35,
          "FN": 0
        },
        {
          "threshold": 0.6,
          "TPR": 1.0,
          "FPR": 0.02702702702702703,
          "TP": 13,
          "FP": 1,
          "TN": 36,
          "FN": 0
        },
        {
          "threshold": 0.7,
          "TPR": 1.0,
          "FPR": 0.02702702702702703,
          "TP": 13,
          "FP": 1,
          "TN": 36,
          "FN": 0
        },
        {
          "threshold": 0.7999999999999999,
          "TPR": 1.0,
          "FPR": 0.02702702702702703,
          "TP": 13,
          "FP": 1,
          "TN": 36,
          "FN": 0
        },
        {
          "threshold": 0.8999999999999999,
          "TPR": 1.0,
          "FPR": 0.02702702702702703,
          "TP": 13,
          "FP": 1,
          "TN": 36,
          "FN": 0
        },
        {
          "threshold": 0.9999999999999999,
          "TPR": 1.0,
          "FPR": 0.02702702702702703,
          "TP": 13,
          "FP": 1,
          "TN": 36,
          "FN": 0
        },
        {
          "threshold": 1.0999999999999999,
          "TPR": 1.0,
          "FPR": 0.02702702702702703,
          "TP": 13,
          "FP": 1,
          "TN": 36,
          "FN": 0
        },
        {
          "threshold": 1.1999999999999997,
          "TPR": 0.9230769230769231,
          "FPR": 0.0,
          "TP": 12,
          "FP": 0,
          "TN": 37,
          "FN": 1
        },
        {
          "threshold": 1.2999999999999998,
          "TPR": 0.9230769230769231,
          "FPR": 0.0,
          "TP": 12,
          "FP": 0,
          "TN": 37,
          "FN": 1
        },
        {
          "threshold": 1.4,
          "TPR": 0.8461538461538461,
          "FPR": 0.0,
          "TP": 11,
          "FP": 0,
          "TN": 37,
          "FN": 2
        },
        {
          "threshold": 1.4999999999999998,
          "TPR": 0.8461538461538461,
          "FPR": 0.0,
          "TP": 11,
          "FP": 0,
          "TN": 37,
          "FN": 2
        },
        {
          "threshold": 1.5999999999999996,
          "TPR": 0.6923076923076923,
          "FPR": 0.0,
          "TP": 9,
          "FP": 0,
          "TN": 37,
          "FN": 4
        },
        {
          "threshold": 1.6999999999999997,
          "TPR": 0.6923076923076923,
          "FPR": 0.0,
          "TP": 9,
          "FP": 0,
          "TN": 37,
          "FN": 4
        },
        {
          "threshold": 1.7999999999999998,
          "TPR": 0.6153846153846154,
          "FPR": 0.0,
          "TP": 8,
          "FP": 0,
          "TN": 37,
          "FN": 5
        },
        {
          "threshold": 1.8999999999999997,
          "TPR": 0.6153846153846154,
          "FPR": 0.0,
          "TP": 8,
          "FP": 0,
          "TN": 37,
          "FN": 5
        },
        {
          "threshold": 1.9999999999999996,
          "TPR": 0.6153846153846154,
          "FPR": 0.0,
          "TP": 8,
          "FP": 0,
          "TN": 37,
          "FN": 5
        },
        {
          "threshold": 2.0999999999999996,
          "TPR": 0.6153846153846154,
          "FPR": 0.0,
          "TP": 8,
          "FP": 0,
          "TN": 37,
          "FN": 5
        },
        {
          "threshold": 2.1999999999999997,
          "TPR": 0.3076923076923077,
          "FPR": 0.0,
          "TP": 4,
          "FP": 0,
          "TN": 37,
          "FN": 9
        },
        {
          "threshold": 2.3,
          "TPR": 0.3076923076923077,
          "FPR": 0.0,
          "TP": 4,
          "FP": 0,
          "TN": 37,
          "FN": 9
        },
        {
          "threshold": 2.3999999999999995,
          "TPR": 0.23076923076923078,
          "FPR": 0.0,
          "TP": 3,
          "FP": 0,
          "TN": 37,
          "FN": 10
        },
        {
          "threshold": 2.4999999999999996,
          "TPR": 0.23076923076923078,
          "FPR": 0.0,
          "TP": 3,
          "FP": 0,
          "TN": 37,
          "FN": 10
        },
        {
          "threshold": 2.5999999999999996,
          "TPR": 0.23076923076923078,
          "FPR": 0.0,
          "TP": 3,
          "FP": 0,
          "TN": 37,
          "FN": 10
        },
        {
          "threshold": 2.6999999999999993,
          "TPR": 0.07692307692307693,
          "FPR": 0.0,
          "TP": 1,
          "FP": 0,
          "TN": 37,
          "FN": 12
        },
        {
          "threshold": 2.7999999999999994,
          "TPR": 0.07692307692307693,
          "FPR": 0.0,
          "TP": 1,
          "FP": 0,
          "TN": 37,
          "FN": 12
        },
        {
          "threshold": 2.8999999999999995,
          "TPR": 0.07692307692307693,
          "FPR": 0.0,
          "TP": 1,
          "FP": 0,
          "TN": 37,
          "FN": 12
        },
        {
          "threshold": 2.9999999999999996,
          "TPR": 0.07692307692307693,
          "FPR": 0.0,
          "TP": 1,
          "FP": 0,
          "TN": 37,
          "FN": 12
        },
        {
          "threshold": 3.0999999999999996,
          "TPR": 0.07692307692307693,
          "FPR": 0.0,
          "TP": 1,
          "FP": 0,
          "TN": 37,
          "FN": 12
        },
        {
          "threshold": 3.1999999999999993,
          "TPR": 0.07692307692307693,
          "FPR": 0.0,
          "TP": 1,
          "FP": 0,
          "TN": 37,
          "FN": 12
        },
        {
          "threshold": 3.2999999999999994,
          "TPR": 0.0,
          "FPR": 0.0,
          "TP": 0,
          "FP": 0,
          "TN": 37,
          "FN": 13
        },
        {
          "threshold": 3.3999999999999995,
          "TPR": 0.0,
          "FPR": 0.0,
          "TP": 0,
          "FP": 0,
          "TN": 37,
          "FN": 13
        },
        {
          "threshold": 3.499999999999999,
          "TPR": 0.0,