{
  "blockchain": {
    "experiment_info": {
      "n_rounds": 50,
      "n_clients": 20,
      "byzantine_ratio": 0.2,
      "attack_probability": 0.3,
      "blockchain_enabled": true,
      "seed": 42,
      "timestamp": "2026-01-04T06:04:20.842937"
    },
    "baseline": {
      "mean": 0.9918458069655831,
      "std": 0.03242472832388926
    },
    "ground_truth_summary": {
      "total_rounds": 50,
      "attack_rounds": 21,
      "clean_rounds": 29
    },
    "detection_results": {
      "auc": 0.9573070607553367,
      "optimal_threshold": 14.147343899876688,
      "confusion_matrix": {
        "TP": 17,
        "FP": 0,
        "TN": 29,
        "FN": 4
      },
      "metrics": {
        "TPR": 0.8095238095238095,
        "FPR": 0.0,
        "Precision": 1.0,
        "F1": 0.8947368421052632,
        "Youden_J": 0.8095238095238095
      }
    },
    "roc_curve": {
      "fpr": [
        0.0,
        0.0,
        0.0,
        0.10344827586206896,
        0.10344827586206896,
        0.20689655172413793,
        0.20689655172413793,
        0.3793103448275862,
        0.3793103448275862,
        1.0
      ],
      "tpr": [
        0.0,
        0.047619047619047616,
        0.8095238095238095,
        0.8095238095238095,
        0.8571428571428571,
        0.8571428571428571,
        0.9523809523809523,
        0.9523809523809523,
        1.0,
        1.0
      ],
      "thresholds": [
        Infinity,
        42.95744327865338,
        14.147343899876688,
        12.772098966417353,
        12.111189547613826,
        11.775788784303806,
        11.265321480905442,
        10.479881398701266,
        10.431119420170855,
        6.707945777061662
      ]
    },
    "raw_data": {
      "anomaly_scores": [
        8.809826462324427,
        23.92241568579414,
        14.147343899876688,
        9.783926532027811,
        7.803453956956343,
        8.296183886188716,
        11.094035826299205,
        7.812500186855359,
        41.05210826491762,
        11.202379156317201,
        12.987842534887204,
        8.557881626645734,
        18.716828105481092,
        12.772098966417353,
        37.335640567208365,
        12.111189547613826,
        11.265321480905442,
        9.019934292664727,
        7.825224069539517,
        12.08966105477198,
        11.12368373371968,
        33.86146644213608,
        9.977995518371694,
        7.076055749863656,
        21.66658906419996,
        15.332411116752942,
        10.788996921035292,
        7.878671143514005,
        23.16953708828841,
        11.640169061415655,
        21.634721503856934,
        10.431119420170855,
        8.356065412052779,
        7.458997538321825,
        10.26747005356121,
        21.835302583788042,
        24.56409963113048,
        19.147322372863872,
        8.1784034537263,
        13.558726000327736,
        11.775788784303806,
        9.71796265003362,
        40.322795163083306,
        42.95744327865338,
        10.479881398701266,
        26.969253994188197,
        19.642568503885578,
        6.707945777061662,
        11.832570880175288,
        9.593717788938052
      ],
      "ground_truth": [
        0,
        1,
        1,
        0,
        0,
        0,
        0,
        0,
        1,
        0,
        0,
        0,
        1,
        0,
        1,
        1,
        1,
        0,
        0,
        0,
        0,
        1,
        0,
        0,
        1,
        1,
        0,
        0,
        1,
        1,
        1,
        1,
        0,
        0,
        0,
        1,
        1,
        1,
        0,
        0,
        0,
        0,
        1,
        1,
        0,
        1,
        1,
        0,
        0,
        0
      ]
    }
  },
  "centralized": {
    "experiment_info": {
      "n_rounds": 50,
      "n_clients": 20,
      "byzantine_ratio": 0.2,
      "attack_probability": 0.3,
      "blockchain_enabled": false,
      "seed": 42,
      "timestamp": "2026-01-04T06:04:20.846020"
    },
    "baseline": {
      "mean": 0.9918458069655831,
      "std": 0.03242472832388926
    },
    "ground_truth_summary": {
      "total_rounds": 50,
      "attack_rounds": 14,
      "clean_rounds": 36
    },
    "detection_results": {
      "auc": 0.0,
      "optimal_threshold": Infinity,
      "confusion_matrix": {
        "TP": 0,
        "FP": 0,
        "TN": 36,
        "FN": 14
      },
      "metrics": {
        "TPR": 0.0,
        "FPR": 0.0,
        "Precision": 0.0,
        "F1": 0.0,
        "Youden_J": 0.0
      }
    },
    "roc_curve": {
      "fpr": [
        0.0,
        0.027777777777777776,
        1.0,
        1.0
      ],
      "tpr": [
        0.0,
        0.0,
        0.0,
        1.0
      ],
      "thresholds": [
        Infinity,
        13.558726000327736,
        6.143274325774898,
        0.11117912447007455
      ]
    },
    "raw_data": {
      "anomaly_scores": [
        8.809826462324427,
        0.4038838419137172,
        0.6291530356121778,
        10.531577801613173,
        9.146896687861718,
        8.328516887386467,
        9.228033210075493,
        9.165996752818925,
        10.636877018645043,
        0.6343538311971192,
        10.515741484908515,
        8.324218304837718,
        12.25898764042367,
        11.108240135945206,
        0.3090670968141441,
        9.769259928000581,
        10.344342717729273,
        9.834572714251697,
        12.039828694898912,
        10.667385574525394,
        8.455094819103415,
        10.090832868280598,
        6.143274325774898,
        1.0948881795141636,
        0.42913048391408676,
        12.783960846168851,
        0.6383122860371074,
        6.304119451323395,
        11.328227316278028,
        9.359375675668856,
        9.885961570610984,
        0.4600595175443094,
        0.6387252968909076,
        11.32804072012461,
        6.697006048914671,
        0.4392928020925349,
        8.52151703074278,
        8.1784034537263,
        13.558726000327736,
        11.775788784303806,
        9.71796265003362,
        0.38474324963012513,
        8.749770433842423,
        11.12398038510311,
        11.637536776282351,
        0.11117912447007455,
        9.874940667106646,
        0.5624815046087627,
        0.7770173079812013,
        10.130448370775094
      ],
      "ground_truth": [
        0,
        1,
        1,
        0,
        0,
        0,
        0,
        0,
        0,
        1,
        0,
        0,
        0,
        0,
        1,
        0,
        0,
        0,
        0,
        0,
        0,
        0,
        0,
        1,
        1,
        0,
        1,
        0,
        0,
        0,
        0,
        1,
        1,
        0,
        0,
        1,
        0,
        0,
        0,
        0,
        0,
        1,
        0,
        0,
        0,
        1,
        0,
        1,
        1,
        0
      ]
    }
  },
  "comparison": {
    "auc_difference": 0.9573070607553367,
    "blockchain_advantage": true
  }
}