{
  "source_result": "results\\unified_mnist_actual.json",
  "summary": {
    "atma": {
      "n": 3,
      "accuracies_percent": [
        76.38000000000001,
        80.32000000000001,
        77.95
      ],
      "mean_accuracy_percent": 78.21666666666668,
      "sample_std_percent": 1.9834901898757478,
      "confidence_interval_95_percent": [
        73.28940388517057,
        83.1439294481628
      ],
      "confidence_interval_95_margin_percent": 4.927262781496108
    },
    "clean_fedavg": {
      "n": 3,
      "accuracies_percent": [
        81.62,
        81.87,
        83.97
      ],
      "mean_accuracy_percent": 82.48666666666666,
      "sample_std_percent": 1.2906716597699528,
      "confidence_interval_95_percent": [
        79.28046052318447,
        85.69287281014886
      ],
      "confidence_interval_95_margin_percent": 3.2062061434821985
    },
    "fedavg": {
      "n": 3,
      "accuracies_percent": [
        25.5,
        20.09,
        21.5
      ],
      "mean_accuracy_percent": 22.363333333333333,
      "sample_std_percent": 2.806427147341141,
      "confidence_interval_95_percent": [
        15.3917818214297,
        29.334884845236967
      ],
      "confidence_interval_95_margin_percent": 6.971551511903634
    },
    "krum": {
      "n": 3,
      "accuracies_percent": [
        54.669999999999995,
        56.95,
        68.42
      ],
      "mean_accuracy_percent": 60.01333333333334,
      "sample_std_percent": 7.369099899806853,
      "confidence_interval_95_percent": [
        41.707474370794415,
        78.31919229587227
      ],
      "confidence_interval_95_margin_percent": 18.30585896253893
    },
    "trimmed_mean": {
      "n": 3,
      "accuracies_percent": [
        76.91,
        79.88,
        77.9
      ],
      "mean_accuracy_percent": 78.23,
      "sample_std_percent": 1.5122499793354256,
      "confidence_interval_95_percent": [
        74.47336279678576,
        81.98663720321424
      ],
      "confidence_interval_95_margin_percent": 3.7566372032142343
    }
  },
  "paired_tests": {
    "fedavg_minus_clean_fedavg": {
      "mean_difference_percentage_points": -60.123333333333335,
      "paired_t_statistic": 29.88901657871952,
      "p_value_two_sided": 0.0011175019401718082,
      "seedwise_differences_percentage_points": [
        -56.120000000000005,
        -61.78,
        -62.47
      ]
    },
    "krum_minus_fedavg": {
      "mean_difference_percentage_points": 37.65,
      "paired_t_statistic": -7.326062839317967,
      "p_value_two_sided": 0.018126902384557622,
      "seedwise_differences_percentage_points": [
        29.169999999999995,
        36.86,
        46.92
      ]
    },
    "trimmed_mean_minus_fedavg": {
      "mean_difference_percentage_points": 55.86666666666667,
      "paired_t_statistic": -22.954963034661354,
      "p_value_two_sided": 0.0018923987577933522,
      "seedwise_differences_percentage_points": [
        51.41,
        59.78999999999999,
        56.400000000000006
      ]
    },
    "atma_minus_fedavg": {
      "mean_difference_percentage_points": 55.85333333333333,
      "paired_t_statistic": -20.56796448294918,
      "p_value_two_sided": 0.002355487467259187,
      "seedwise_differences_percentage_points": [
        50.88000000000001,
        60.230000000000004,
        56.45
      ]
    },
    "atma_minus_trimmed_mean": {
      "mean_difference_percentage_points": -0.013333333333325944,
      "paired_t_statistic": 0.04731491892729751,
      "p_value_two_sided": 0.9665620091616505,
      "seedwise_differences_percentage_points": [
        -0.5299999999999869,
        0.44000000000001194,
        0.04999999999999716
      ]
    }
  },
  "atma_detection": {
    "tp": 240,
    "fp": 8,
    "fn": 0,
    "tn": 952,
    "precision": 0.967741935483871,
    "recall": 1.0,
    "f1": 0.9836065573770492,
    "rounds_evaluated": 60,
    "trim_ratio_min": 0.1500000014901161,
    "trim_ratio_max": 0.23828115533105745,
    "trim_ratio_final_by_seed": [
      0.212501432746555,
      0.23828115533105745,
      0.20048818883369393
    ],
    "flagged_count_min": 4,
    "flagged_count_max": 6
  },
  "krum_selection": {
    "selected_byzantine_rounds": 0,
    "selected_honest_rounds": 60,
    "rounds_evaluated": 60
  },
  "blockchain": {
    "chain_id": 1337,
    "contract_address": "0xe78A0F7E598Cc8b0Bb87894B0F60dD2a88d6a8Ab",
    "deployment_tx_hash": "fb94cfc4d18b60d70bad58f3ddc979537c2fd6147e710c7a3464ed40b1016372",
    "deployment_block_number": 1,
    "deployment_gas_used": 789893,
    "latest_block": 421,
    "transaction_count_excluding_deployment": 420,
    "successful_transaction_count": 420,
    "total_gas_used_including_deployment": 34647901,
    "operation_gas": {
      "record_client_update": {
        "count": 400,
        "total": 30667664,
        "mean": 76669.16,
        "min": 72577,
        "max": 92501
      },
      "finalize_round": {
        "count": 20,
        "total": 3190344,
        "mean": 159517.2,
        "min": 159507,
        "max": 159519
      }
    },
    "all_readback_verifications_passed": true,
    "all_client_readback_verifications_passed": true,
    "all_summary_readback_verifications_passed": true
  }
}